date;Zuletzt;Eröffn.;Hoch;Tief;Vol.;+/- %
01.12.2011;6.035,88;6.080,48;6.111,97;6.017,38;153,04M;-0,87%
30.11.2011;6.088,84;5.741,21;6.130,68;5.725,98;244,42M;4,98%
29.11.2011;5.799,91;5.725,68;5.826,35;5.690,57;143,66M;0,95%
28.11.2011;5.745,33;5.577,19;5.754,51;5.573,00;172,62M;4,60%
25.11.2011;5.492,87;5.433,30;5.528,64;5.366,50;135,41M;1,19%
24.11.2011;5.428,11;5.512,76;5.563,82;5.399,85;157,73M;-0,54%
23.11.2011;5.457,77;5.485,67;5.588,11;5.457,77;236,21M;-1,44%
22.11.2011;5.537,39;5.648,50;5.681,74;5.537,39;245,73M;-1,22%
21.11.2011;5.606,00;5.767,09;5.771,70;5.598,05;182,78M;-3,35%
18.11.2011;5.800,24;5.800,79;5.897,99;5.769,69;153,52M;-0,85%
17.11.2011;5.850,17;5.875,86;5.921,25;5.778,10;180,84M;-1,07%
16.11.2011;5.913,36;5.873,29;6.028,23;5.852,04;139,96M;-0,33%
15.11.2011;5.933,14;5.920,43;6.011,47;5.815,85;140,68M;-0,87%
14.11.2011;5.985,02;6.097,27;6.116,07;5.934,09;133,94M;-1,19%
11.11.2011;6.057,03;5.881,49;6.065,29;5.855,12;144,52M;3,22%
10.11.2011;5.867,81;5.732,32;5.934,31;5.721,97;201,64M;0,66%
09.11.2011;5.829,54;6.045,87;6.055,58;5.767,26;251,01M;-2,21%
08.11.2011;5.961,44;5.950,44;6.087,06;5.934,23;144,45M;0,55%
07.11.2011;5.928,68;5.905,93;6.028,59;5.835,09;158,21M;-0,63%
04.11.2011;5.966,16;6.175,43;6.175,43;5.928,92;198,96M;-2,72%
03.11.2011;6.133,18;5.835,36;6.193,34;5.832,03;237,53M;2,81%
02.11.2011;5.965,63;5.897,14;5.990,56;5.810,79;177,75M;2,25%
01.11.2011;5.834,51;5.934,54;5.947,58;5.762,26;291,72M;-5,00%
31.10.2011;6.141,34;6.283,19;6.304,84;6.141,34;173,80M;-3,23%
28.10.2011;6.346,19;6.364,18;6.430,60;6.305,50;207,68M;0,13%
27.10.2011;6.337,84;6.222,75;6.347,60;6.196,60;333,79M;5,35%
26.10.2011;6.016,07;6.041,16;6.143,56;5.951,82;151,17M;-0,51%
25.10.2011;6.046,75;6.026,45;6.157,93;5.964,28;171,99M;-0,14%
24.10.2011;6.055,27;6.014,36;6.067,16;5.937,58;143,51M;1,41%
21.10.2011;5.970,96;5.800,06;5.980,46;5.769,19;176,84M;3,55%
20.10.2011;5.766,48;5.834,42;5.914,87;5.752,83;172,12M;-2,49%
19.10.2011;5.913,53;5.909,58;5.977,75;5.874,85;141,35M;0,61%
18.10.2011;5.877,41;5.781,77;5.907,46;5.747,65;153,04M;0,31%
17.10.2011;5.859,43;6.021,29;6.081,41;5.819,97;177,50M;-1,81%
14.10.2011;5.967,20;5.934,78;6.037,29;5.885,39;185,19M;0,89%
13.10.2011;5.914,84;5.969,91;6.036,02;5.878,29;184,77M;-1,33%
12.10.2011;5.994,47;5.851,10;6.022,05;5.798,16;183,86M;2,21%
11.10.2011;5.865,01;5.825,91;5.883,38;5.773,88;139,41M;0,30%
10.10.2011;5.847,29;5.705,40;5.872,15;5.652,99;147,42M;3,02%
07.10.2011;5.675,70;5.647,66;5.749,13;5.606,32;166,60M;0,54%
06.10.2011;5.645,25;5.511,56;5.645,25;5.465,55;210,85M;3,15%
05.10.2011;5.473,03;5.341,43;5.486,03;5.266,14;178,81M;4,91%
04.10.2011;5.216,71;5.284,11;5.288,78;5.125,44;204,74M;-2,98%
03.10.2011;5.376,70;5.311,93;5.437,74;5.289,04;132,11M;-2,28%
30.09.2011;5.502,02;5.602,55;5.606,56;5.438,55;179,77M;-2,44%
29.09.2011;5.639,58;5.555,07;5.704,41;5.533,33;182,95M;1,10%
28.09.2011;5.578,42;5.560,60;5.700,08;5.520,59;181,76M;-0,89%
27.09.2011;5.628,44;5.502,89;5.638,04;5.483,23;245,88M;5,29%
26.09.2011;5.345,56;5.128,56;5.415,56;5.118,19;211,13M;2,87%
23.09.2011;5.196,56;5.227,09;5.229,60;4.973,92;198,77M;0,63%
22.09.2011;5.164,21;5.258,42;5.289,77;5.135,85;203,15M;-4,96%
21.09.2011;5.433,80;5.557,07;5.557,92;5.417,85;149,19M;-2,47%
20.09.2011;5.571,68;5.373,53;5.577,60;5.369,07;158,69M;2,88%
19.09.2011;5.415,91;5.447,32;5.496,94;5.362,01;161,28M;-2,83%
16.09.2011;5.573,51;5.607,51;5.655,95;5.524,22;377,71M;1,18%
15.09.2011;5.508,24;5.386,86;5.566,58;5.374,57;235,48M;3,15%
14.09.2011;5.340,19;5.108,10;5.347,82;5.105,82;231,78M;3,36%
13.09.2011;5.166,36;5.153,95;5.222,81;4.969,84;284,11M;1,85%
12.09.2011;5.072,33;5.063,59;5.126,52;4.965,80;265,14M;-2,27%
09.09.2011;5.189,93;5.383,63;5.400,79;5.174,24;229,31M;-4,04%
08.09.2011;5.408,46;5.410,08;5.473,68;5.313,78;161,72M;0,05%
07.09.2011;5.405,53;5.332,52;5.406,23;5.276,88;180,82M;4,07%
06.09.2011;5.193,97;5.248,31;5.332,11;5.150,05;238,11M;-1,00%
05.09.2011;5.246,18;5.409,87;5.421,11;5.208,37;202,46M;-5,28%
02.09.2011;5.538,33;5.623,70;5.635,50;5.493,31;182,04M;-3,36%
01.09.2011;5.730,63;5.793,10;5.794,50;5.639,03;188,57M;-0,94%
31.08.2011;5.784,85;5.686,26;5.869,65;5.648,97;245,79M;2,50%
30.08.2011;5.643,92;5.713,53;5.730,36;5.572,65;132,99M;-0,46%
29.08.2011;5.670,07;5.634,06;5.714,72;5.587,78;99,26M;2,39%
26.08.2011;5.537,48;5.582,50;5.588,69;5.403,58;172,50M;-0,84%
25.08.2011;5.584,14;5.739,86;5.777,04;5.451,52;225,57M;-1,71%
24.08.2011;5.681,08;5.579,80;5.743,10;5.514,15;162,59M;2,69%
23.08.2011;5.532,38;5.529,26;5.636,06;5.452,15;186,61M;1,07%
22.08.2011;5.473,78;5.412,75;5.591,35;5.408,71;182,96M;-0,11%
19.08.2011;5.480,00;5.581,51;5.595,15;5.345,36;351,40M;-2,19%
18.08.2011;5.602,80;5.854,36;5.892,57;5.535,61;325,97M;-5,82%
17.08.2011;5.948,94;5.910,50;6.018,37;5.870,17;161,67M;-0,77%
16.08.2011;5.994,90;5.957,94;5.998,31;5.849,52;166,06M;-0,45%
15.08.2011;6.022,24;6.075,59;6.106,11;6.008,01;143,25M;0,41%
12.08.2011;5.997,74;5.775,96;6.023,75;5.678,62;255,81M;3,45%
11.08.2011;5.797,66;5.771,21;5.825,08;5.487,82;358,98M;3,28%
10.08.2011;5.613,42;6.040,68;6.089,08;5.549,02;433,03M;-5,13%
09.08.2011;5.917,08;5.896,14;6.026,27;5.502,63;435,79M;-0,10%
08.08.2011;5.923,27;6.170,69;6.272,94;5.911,09;314,80M;-5,02%
05.08.2011;6.236,16;6.338,77;6.436,66;6.152,62;360,00M;-2,78%
04.08.2011;6.414,76;6.714,79;6.730,43;6.391,54;288,06M;-3,40%
03.08.2011;6.640,59;6.717,84;6.783,07;6.543,60;265,05M;-2,30%
02.08.2011;6.796,75;6.909,43;6.938,34;6.772,38;182,74M;-2,26%
01.08.2011;6.953,98;7.254,50;7.282,01;6.953,98;189,25M;-2,86%
29.07.2011;7.158,77;7.108,27;7.190,91;7.063,82;142,83M;-0,44%
28.07.2011;7.190,06;7.163,95;7.203,01;7.110,13;164,84M;-0,86%
27.07.2011;7.252,68;7.315,75;7.344,17;7.216,58;133,57M;-1,32%
26.07.2011;7.349,45;7.369,89;7.382,80;7.302,50;140,21M;0,07%
25.07.2011;7.344,54;7.273,60;7.366,78;7.258,52;111,47M;0,25%
22.07.2011;7.326,39;7.308,48;7.357,25;7.266,79;200,09M;0,50%
21.07.2011;7.290,14;7.243,79;7.324,79;7.140,50;244,58M;0,95%
20.07.2011;7.221,36;7.250,18;7.263,18;7.166,37;171,13M;0,40%
19.07.2011;7.192,67;7.148,48;7.236,44;7.139,76;165,01M;1,19%
18.07.2011;7.107,92;7.162,82;7.171,55;7.089,09;168,93M;-1,55%
15.07.2011;7.220,12;7.188,70;7.254,10;7.139,68;206,98M;0,07%
14.07.2011;7.214,74;7.204,94;7.267,28;7.197,49;136,79M;-0,73%
13.07.2011;7.267,87;7.171,47;7.280,16;7.163,09;154,20M;1,31%
12.07.2011;7.174,14;7.112,19;7.190,47;6.996,26;252,97M;-0,78%
11.07.2011;7.230,25;7.352,73;7.358,50;7.188,96;197,08M;-2,33%
08.07.2011;7.402,73;7.502,83;7.523,53;7.389,80;138,52M;-0,92%
07.07.2011;7.471,44;7.467,82;7.516,15;7.442,98;127,08M;0,54%
06.07.2011;7.431,19;7.443,93;7.450,71;7.396,74;121,35M;-0,11%
05.07.2011;7.439,44;7.433,13;7.474,93;7.424,73;93,83M;-0,05%
04.07.2011;7.442,96;7.427,14;7.450,38;7.416,73;84,66M;0,32%
01.07.2011;7.419,44;7.374,49;7.443,20;7.357,03;141,25M;0,59%
30.06.2011;7.376,24;7.310,34;7.378,35;7.285,44;116,70M;1,13%
29.06.2011;7.294,14;7.230,95;7.320,30;7.230,95;148,48M;1,73%
28.06.2011;7.170,43;7.138,50;7.187,08;7.075,19;137,24M;0,88%
27.06.2011;7.107,90;7.101,15;7.144,44;7.079,11;149,93M;-0,19%
24.06.2011;7.121,38;7.231,73;7.273,32;7.099,22;167,16M;-0,39%
23.06.2011;7.149,44;7.225,20;7.237,20;7.118,52;132,11M;-1,77%
22.06.2011;7.278,19;7.285,93;7.310,10;7.262,37;123,71M;-0,10%
21.06.2011;7.285,51;7.202,88;7.285,51;7.176,74;137,26M;1,89%
20.06.2011;7.150,21;7.078,59;7.158,24;7.063,86;103,23M;-0,19%
17.06.2011;7.164,05;7.084,27;7.224,11;7.037,24;370,10M;0,76%
16.06.2011;7.110,20;7.062,18;7.111,64;7.017,98;161,15M;-0,07%
15.06.2011;7.115,08;7.178,05;7.202,17;7.093,23;123,85M;-1,25%
14.06.2011;7.204,79;7.165,14;7.231,49;7.161,21;113,23M;1,69%
13.06.2011;7.085,14;7.075,91;7.123,88;7.040,42;66,73M;0,22%
10.06.2011;7.069,90;7.152,55;7.182,83;7.050,84;136,63M;-1,25%
09.06.2011;7.159,66;7.061,87;7.183,78;7.035,86;149,28M;1,41%
08.06.2011;7.060,23;7.076,31;7.089,15;6.991,62;145,47M;-0,61%
07.06.2011;7.103,25;7.094,14;7.147,63;7.086,90;116,85M;0,26%
06.06.2011;7.084,57;7.095,40;7.124,31;7.062,73;113,84M;-0,34%
03.06.2011;7.109,03;7.101,48;7.120,12;7.021,36;162,45M;0,49%
02.06.2011;7.074,12;7.155,86;7.157,59;7.074,12;111,56M;-1,99%
01.06.2011;7.217,43;7.310,56;7.314,66;7.193,89;228,39M;-1,05%
31.05.2011;7.293,69;7.240,12;7.319,69;7.238,77;216,65M;1,86%
30.05.2011;7.160,30;7.165,00;7.204,16;7.146,98;98,88M;-0,04%
27.05.2011;7.163,47;7.205,13;7.208,48;7.115,48;190,77M;0,69%
26.05.2011;7.114,09;7.202,72;7.217,24;7.087,32;225,57M;-0,79%
25.05.2011;7.170,94;7.079,25;7.183,80;7.071,42;240,86M;0,28%
24.05.2011;7.150,66;7.129,94;7.202,21;7.128,04;192,41M;0,41%
23.05.2011;7.121,52;7.158,08;7.166,15;7.105,20;185,38M;-2,00%
20.05.2011;7.266,82;7.372,18;7.410,31;7.228,13;286,35M;-1,24%
19.05.2011;7.358,23;7.360,47;7.415,65;7.316,74;124,05M;0,75%
18.05.2011;7.303,53;7.325,85;7.340,54;7.261,29;94,21M;0,65%
17.05.2011;7.256,65;7.346,81;7.368,98;7.253,89;117,67M;-1,77%
16.05.2011;7.387,54;7.348,12;7.402,52;7.284,96;154,71M;-0,21%
13.05.2011;7.403,31;7.486,20;7.511,09;7.391,14;136,91M;-0,55%
12.05.2011;7.443,95;7.438,02;7.443,95;7.356,76;154,68M;-0,68%
11.05.2011;7.495,05;7.526,56;7.566,41;7.469,63;118,54M;-0,09%
10.05.2011;7.501,52;7.446,44;7.533,86;7.423,33;107,86M;1,23%
09.05.2011;7.410,52;7.461,35;7.489,09;7.379,97;121,92M;-1,09%
06.05.2011;7.492,25;7.391,04;7.501,63;7.362,55;175,80M;1,56%
05.05.2011;7.376,96;7.416,38;7.423,96;7.291,39;194,78M;0,04%
04.05.2011;7.373,93;7.475,18;7.534,26;7.355,40;182,27M;-1,69%
03.05.2011;7.500,70;7.518,60;7.523,68;7.446,83;142,24M;-0,36%
02.05.2011;7.527,64;7.570,86;7.600,41;7.527,64;92,28M;0,18%
29.04.2011;7.514,46;7.475,00;7.514,69;7.461,53;91,92M;0,52%
28.04.2011;7.475,22;7.450,57;7.480,33;7.426,62;138,73M;0,95%
27.04.2011;7.404,95;7.374,11;7.428,72;7.361,24;107,73M;0,66%
26.04.2011;7.356,51;7.288,77;7.359,97;7.278,52;83,58M;0,84%
21.04.2011;7.295,49;7.294,58;7.316,53;7.280,10;115,55M;0,64%
20.04.2011;7.249,19;7.137,10;7.261,26;7.136,74;142,61M;2,98%
19.04.2011;7.039,31;7.050,85;7.078,79;7.027,04;130,65M;0,18%
18.04.2011;7.026,85;7.165,99;7.174,75;6.994,56;163,93M;-2,11%
15.04.2011;7.178,29;7.166,98;7.193,38;7.144,96;187,05M;0,44%
14.04.2011;7.146,56;7.160,99;7.184,93;7.099,66;134,22M;-0,44%
13.04.2011;7.177,97;7.135,21;7.201,12;7.122,51;182,46M;1,06%
12.04.2011;7.102,91;7.131,44;7.177,74;7.089,17;147,60M;-1,42%
11.04.2011;7.204,86;7.215,34;7.224,74;7.157,33;108,14M;-0,17%
08.04.2011;7.217,02;7.226,79;7.232,87;7.195,44;117,23M;0,53%
07.04.2011;7.178,78;7.212,46;7.241,09;7.175,35;125,93M;-0,50%
06.04.2011;7.215,11;7.197,37;7.242,69;7.157,68;153,82M;0,55%
05.04.2011;7.175,31;7.174,69;7.186,35;7.129,41;104,32M;0,00%
04.04.2011;7.175,33;7.178,59;7.200,26;7.168,24;79,27M;-0,06%
01.04.2011;7.179,81;7.086,56;7.192,38;7.086,56;103,28M;1,97%
31.03.2011;7.041,31;7.068,29;7.079,76;7.041,31;96,95M;-0,22%
30.03.2011;7.057,15;7.010,77;7.065,27;7.002,77;100,54M;1,77%
29.03.2011;6.934,44;6.952,51;6.960,16;6.867,42;93,21M;-0,06%
28.03.2011;6.938,63;6.931,86;6.981,19;6.915,58;72,64M;-0,11%
25.03.2011;6.946,36;6.971,77;6.985,25;6.920,57;80,87M;0,18%
24.03.2011;6.933,58;6.798,08;6.941,72;6.787,04;103,54M;1,90%
23.03.2011;6.804,45;6.749,18;6.807,38;6.720,02;95,71M;0,35%
22.03.2011;6.780,97;6.823,08;6.826,03;6.765,06;119,67M;-0,52%
21.03.2011;6.816,12;6.782,30;6.829,75;6.781,30;218,42M;2,28%
18.03.2011;6.664,40;6.715,17;6.761,31;6.655,69;252,61M;0,11%
17.03.2011;6.656,88;6.557,85;6.692,83;6.517,18;146,28M;2,20%
16.03.2011;6.513,84;6.696,31;6.733,03;6.501,85;202,70M;-2,01%
15.03.2011;6.647,66;6.668,99;6.714,83;6.483,39;284,44M;-3,19%
14.03.2011;6.866,63;6.896,31;6.946,44;6.847,94;170,81M;-1,65%
11.03.2011;6.981,49;7.002,26;7.014,02;6.963,31;141,42M;-1,16%
10.03.2011;7.063,09;7.078,69;7.109,71;7.021,95;131,97M;-0,96%
09.03.2011;7.131,80;7.177,55;7.217,54;7.109,26;129,98M;-0,46%
08.03.2011;7.164,75;7.211,06;7.222,16;7.072,47;143,92M;0,04%
07.03.2011;7.161,93;7.137,81;7.270,81;7.127,31;86,67M;-0,24%
04.03.2011;7.178,90;7.262,54;7.311,25;7.157,12;97,46M;-0,65%
03.03.2011;7.225,96;7.225,23;7.294,04;7.191,14;95,32M;0,62%
02.03.2011;7.181,12;7.169,04;7.202,58;7.122,69;111,14M;-0,58%
01.03.2011;7.223,30;7.309,80;7.356,33;7.193,78;112,18M;-0,67%
28.02.2011;7.272,32;7.173,59;7.305,49;7.148,94;101,48M;1,21%
25.02.2011;7.185,17;7.139,88;7.194,02;7.130,15;114,08M;0,77%
24.02.2011;7.130,50;7.134,70;7.156,05;7.093,91;137,57M;-0,89%
23.02.2011;7.194,60;7.295,12;7.310,73;7.183,30;118,02M;-1,69%
22.02.2011;7.318,35;7.293,11;7.350,95;7.259,67;121,30M;-0,05%
21.02.2011;7.321,81;7.412,06;7.441,82;7.310,69;100,85M;-1,41%
18.02.2011;7.426,81;7.422,11;7.427,30;7.379,94;122,19M;0,29%
17.02.2011;7.405,51;7.429,00;7.434,93;7.364,04;112,23M;-0,12%
16.02.2011;7.414,30;7.414,23;7.438,42;7.399,82;122,45M;0,19%
15.02.2011;7.400,04;7.397,68;7.420,69;7.376,24;101,59M;0,05%
14.02.2011;7.396,63;7.403,83;7.424,36;7.378,41;69,64M;0,34%
11.02.2011;7.371,20;7.320,07;7.390,48;7.283,87;96,10M;0,42%
10.02.2011;7.340,28;7.322,62;7.340,87;7.269,53;105,38M;0,26%
09.02.2011;7.320,90;7.319,12;7.350,78;7.310,44;81,82M;-0,03%
08.02.2011;7.323,24;7.274,17;7.325,03;7.272,80;98,88M;0,54%
07.02.2011;7.283,62;7.222,05;7.287,66;7.214,05;93,21M;0,93%
04.02.2011;7.216,21;7.216,66;7.226,64;7.186,24;94,08M;0,31%
03.02.2011;7.193,68;7.175,75;7.198,98;7.144,08;105,09M;0,14%
02.02.2011;7.183,67;7.202,62;7.222,13;7.160,36;114,24M;-0,01%
01.02.2011;7.184,27;7.133,34;7.190,75;7.105,31;117,37M;1,51%
31.01.2011;7.077,48;7.094,56;7.107,37;7.033,09;93,02M;-0,36%
28.01.2011;7.102,80;7.155,47;7.177,23;7.102,80;96,02M;-0,74%
27.01.2011;7.155,58;7.120,64;7.180,15;7.114,35;113,48M;0,40%
26.01.2011;7.127,35;7.092,89;7.160,86;7.087,25;109,51M;0,97%
25.01.2011;7.059,01;7.096,84;7.102,08;7.043,64;122,87M;-0,12%
24.01.2011;7.067,77;7.080,78;7.089,62;7.000,41;121,57M;0,08%
21.01.2011;7.062,42;7.047,70;7.122,89;7.023,69;173,92M;0,54%
20.01.2011;7.024,27;7.074,89;7.084,24;7.008,62;154,43M;-0,83%
19.01.2011;7.082,76;7.163,37;7.165,00;7.077,23;110,00M;-0,85%
18.01.2011;7.143,45;7.100,48;7.156,25;7.099,12;121,73M;0,92%
17.01.2011;7.078,06;7.072,75;7.087,43;7.055,83;79,25M;0,03%
14.01.2011;7.075,70;7.055,42;7.083,02;7.015,35;125,09M;0,01%
13.01.2011;7.075,11;7.075,54;7.084,07;7.036,09;160,36M;0,09%
12.01.2011;7.068,78;6.958,84;7.070,40;6.958,50;122,56M;1,83%
11.01.2011;6.941,57;6.879,39;6.951,19;6.860,52;115,26M;1,23%
10.01.2011;6.857,06;6.920,36;6.941,39;6.835,74;93,17M;-1,31%
07.01.2011;6.947,84;6.991,55;7.010,89;6.939,88;92,63M;-0,48%
06.01.2011;6.981,39;6.949,48;7.047,59;6.949,07;91,24M;0,60%
05.01.2011;6.939,82;6.966,08;6.967,24;6.842,90;117,14M;-0,51%
04.01.2011;6.975,35;6.979,68;7.025,86;6.952,02;87,67M;-0,21%
03.01.2011;6.989,74;6.973,39;7.026,62;6.969,83;61,89M;1,09%
30.12.2010;6.914,19;6.996,56;7.008,12;6.897,22;43,68M;-1,16%
29.12.2010;6.995,47;6.989,54;7.008,31;6.981,79;39,09M;0,34%
28.12.2010;6.972,10;6.984,85;6.990,81;6.957,65;32,27M;0,02%
27.12.2010;6.970,73;7.055,32;7.056,34;6.943,05;44,52M;-1,23%
23.12.2010;7.057,69;7.083,08;7.083,08;7.042,58;42,13M;-0,14%
22.12.2010;7.067,92;7.079,22;7.084,10;7.067,71;62,44M;-0,14%
21.12.2010;7.077,99;7.045,25;7.087,84;7.042,98;66,70M;0,85%
20.12.2010;7.018,60;7.000,38;7.068,56;6.992,67;73,90M;0,52%
17.12.2010;6.982,45;7.042,83;7.043,15;6.980,18;188,71M;-0,60%
16.12.2010;7.024,40;7.012,99;7.033,03;6.991,69;78,31M;0,11%
15.12.2010;7.016,37;7.007,49;7.029,74;6.964,13;93,68M;-0,16%
14.12.2010;7.027,40;7.024,79;7.032,65;7.011,14;75,98M;-0,03%
13.12.2010;7.029,39;7.027,58;7.044,87;7.017,60;72,04M;0,33%
10.12.2010;7.006,17;6.987,69;7.018,11;6.973,32;98,52M;0,60%
09.12.2010;6.964,16;7.017,99;7.021,31;6.947,90;141,06M;-0,17%
08.12.2010;6.975,87;6.976,19;7.013,53;6.956,67;89,05M;-0,37%
07.12.2010;7.001,91;6.987,88;7.042,67;6.962,10;112,76M;0,68%
06.12.2010;6.954,38;6.970,24;6.971,95;6.926,57;84,51M;0,10%
03.12.2010;6.947,72;6.947,31;6.977,91;6.914,50;103,22M;-0,14%
02.12.2010;6.957,61;6.895,77;6.958,69;6.840,65;130,56M;1,32%
01.12.2010;6.866,63;6.748,36;6.868,81;6.736,69;121,57M;2,66%
30.11.2010;6.688,49;6.732,59;6.763,52;6.655,94;132,33M;-0,14%
29.11.2010;6.697,97;6.867,77;6.907,61;6.697,97;123,91M;-2,20%
26.11.2010;6.848,98;6.842,39;6.871,71;6.778,60;101,95M;-0,45%
25.11.2010;6.879,66;6.834,68;6.885,81;6.823,19;84,55M;0,82%
24.11.2010;6.823,80;6.740,61;6.833,70;6.701,98;118,63M;1,77%
23.11.2010;6.705,00;6.791,75;6.827,83;6.705,00;115,85M;-1,72%
22.11.2010;6.822,05;6.892,02;6.901,93;6.805,97;96,81M;-0,31%
19.11.2010;6.843,55;6.841,37;6.854,09;6.794,43;107,51M;0,17%
18.11.2010;6.832,11;6.765,70;6.835,54;6.754,40;99,62M;1,97%
17.11.2010;6.700,07;6.658,99;6.705,19;6.653,57;85,43M;0,55%
16.11.2010;6.663,24;6.751,13;6.772,01;6.663,15;131,98M;-1,87%
15.11.2010;6.790,17;6.705,13;6.812,96;6.679,69;95,23M;0,82%
12.11.2010;6.734,61;6.650,92;6.758,59;6.617,97;117,49M;0,17%
11.11.2010;6.723,41;6.747,80;6.750,39;6.700,47;107,48M;0,05%
10.11.2010;6.719,84;6.759,59;6.783,69;6.684,22;132,58M;-1,00%
09.11.2010;6.787,81;6.742,05;6.810,86;6.736,63;109,75M;0,55%
08.11.2010;6.750,50;6.746,44;6.759,41;6.728,35;98,82M;-0,05%
05.11.2010;6.754,20;6.743,56;6.775,17;6.712,47;111,69M;0,29%
04.11.2010;6.734,69;6.677,78;6.757,29;6.676,42;130,04M;1,77%
03.11.2010;6.617,80;6.666,07;6.682,91;6.604,75;82,91M;-0,55%
02.11.2010;6.654,31;6.600,41;6.668,93;6.597,46;71,57M;0,75%
01.11.2010;6.604,86;6.637,09;6.670,90;6.586,01;75,39M;0,05%
29.10.2010;6.601,37;6.585,97;6.630,98;6.569,25;93,68M;0,09%
28.10.2010;6.595,28;6.600,28;6.644,61;6.576,02;104,32M;0,42%
27.10.2010;6.568,00;6.591,24;6.629,13;6.553,25;117,91M;-0,69%
26.10.2010;6.613,80;6.634,24;6.645,70;6.580,28;95,12M;-0,38%
25.10.2010;6.639,21;6.645,45;6.668,54;6.625,83;75,74M;0,51%
22.10.2010;6.605,84;6.594,90;6.623,94;6.586,40;67,47M;-0,08%
21.10.2010;6.611,01;6.514,99;6.621,84;6.504,66;95,69M;1,33%
20.10.2010;6.524,55;6.470,30;6.527,85;6.461,48;95,16M;0,52%
19.10.2010;6.490,69;6.508,36;6.544,79;6.472,18;101,37M;-0,40%
18.10.2010;6.516,63;6.465,83;6.533,83;6.462,59;91,06M;0,37%
15.10.2010;6.492,30;6.478,00;6.512,78;6.438,78;137,13M;0,57%
14.10.2010;6.455,27;6.446,32;6.485,71;6.445,32;110,05M;0,32%
13.10.2010;6.434,52;6.339,76;6.456,27;6.335,22;148,84M;2,06%
12.10.2010;6.304,57;6.257,03;6.316,77;6.228,39;99,63M;-0,08%
11.10.2010;6.309,51;6.308,43;6.325,31;6.289,36;79,12M;0,28%
08.10.2010;6.291,67;6.269,48;6.295,09;6.239,43;124,53M;0,25%
07.10.2010;6.276,25;6.278,61;6.321,79;6.233,14;97,56M;0,09%
06.10.2010;6.270,73;6.248,81;6.289,56;6.242,52;111,93M;0,88%
05.10.2010;6.215,83;6.132,12;6.233,45;6.115,87;106,59M;1,33%
04.10.2010;6.134,21;6.205,00;6.210,25;6.128,54;90,48M;-1,24%
01.10.2010;6.211,34;6.244,06;6.293,09;6.187,22;125,51M;-0,28%
30.09.2010;6.229,02;6.214,02;6.339,36;6.204,69;137,41M;-0,29%
29.09.2010;6.246,92;6.296,28;6.326,34;6.223,14;120,08M;-0,46%
28.09.2010;6.276,09;6.258,20;6.311,92;6.197,96;109,27M;-0,04%
27.09.2010;6.278,89;6.307,87;6.324,09;6.272,17;86,12M;-0,31%
24.09.2010;6.298,30;6.173,89;6.310,28;6.146,42;114,75M;1,84%
23.09.2010;6.184,71;6.252,31;6.263,74;6.129,44;117,86M;-0,38%
22.09.2010;6.208,33;6.286,33;6.297,40;6.192,43;133,91M;-1,08%
21.09.2010;6.275,98;6.281,07;6.339,97;6.275,98;130,95M;-0,30%
20.09.2010;6.294,58;6.231,28;6.301,63;6.219,85;96,81M;1,37%
17.09.2010;6.209,76;6.297,93;6.321,20;6.185,74;232,90M;-0,64%
16.09.2010;6.249,65;6.255,14;6.281,10;6.233,97;96,81M;-0,20%
15.09.2010;6.261,87;6.282,52;6.288,20;6.227,20;104,88M;-0,22%
14.09.2010;6.275,41;6.261,78;6.287,78;6.231,38;112,79M;0,22%
13.09.2010;6.261,68;6.258,51;6.290,87;6.231,52;93,97M;0,75%
10.09.2010;6.214,77;6.186,22;6.224,65;6.182,56;94,00M;-0,11%
09.09.2010;6.221,52;6.141,84;6.233,07;6.133,99;102,02M;0,93%
08.09.2010;6.164,44;6.099,33;6.180,38;6.062,65;108,64M;0,76%
07.09.2010;6.117,89;6.136,92;6.138,93;6.083,20;81,98M;-0,60%
06.09.2010;6.155,04;6.156,29;6.164,93;6.140,98;63,51M;0,33%
03.09.2010;6.134,62;6.091,66;6.178,01;6.088,26;94,99M;0,83%
02.09.2010;6.083,85;6.071,56;6.104,09;6.052,55;96,11M;0,00%
01.09.2010;6.083,90;5.936,94;6.087,94;5.876,43;119,79M;2,68%
31.08.2010;5.925,22;5.846,03;5.925,81;5.833,51;102,99M;0,22%
30.08.2010;5.912,41;5.973,48;5.978,19;5.889,84;57,74M;-0,65%
27.08.2010;5.951,17;5.899,99;5.957,32;5.845,49;117,06M;0,65%
26.08.2010;5.912,58;5.937,27;5.948,91;5.896,52;90,85M;0,22%
25.08.2010;5.899,50;5.925,48;5.954,96;5.837,90;107,85M;-0,61%
24.08.2010;5.935,44;5.962,87;5.975,83;5.869,30;97,95M;-1,26%
23.08.2010;6.010,91;6.017,19;6.055,23;5.995,37;66,57M;0,10%
20.08.2010;6.005,16;6.079,91;6.097,35;5.999,63;107,09M;-1,15%
19.08.2010;6.075,13;6.216,33;6.229,46;6.070,83;105,08M;-1,80%
18.08.2010;6.186,31;6.183,12;6.216,55;6.155,51;77,00M;-0,32%
17.08.2010;6.206,40;6.125,32;6.215,35;6.123,79;87,90M;1,57%
16.08.2010;6.110,57;6.132,78;6.156,57;6.062,29;74,50M;0,00%
13.08.2010;6.110,41;6.163,11;6.168,71;6.068,82;98,26M;-0,40%
12.08.2010;6.135,17;6.141,90;6.173,42;6.097,72;113,10M;-0,31%
11.08.2010;6.154,07;6.234,60;6.236,57;6.143,58;107,36M;-2,10%
10.08.2010;6.286,25;6.315,87;6.333,25;6.247,62;83,82M;-1,03%
09.08.2010;6.351,60;6.326,62;6.356,41;6.318,12;70,33M;1,47%
06.08.2010;6.259,63;6.361,09;6.386,97;6.244,69;111,20M;-1,17%
05.08.2010;6.333,58;6.332,82;6.382,56;6.321,38;117,07M;0,04%
04.08.2010;6.331,33;6.287,65;6.361,67;6.264,28;99,51M;0,37%
03.08.2010;6.307,91;6.279,95;6.310,32;6.265,61;99,28M;0,25%
02.08.2010;6.292,13;6.187,64;6.304,26;6.182,68;104,82M;2,34%
30.07.2010;6.147,97;6.123,41;6.184,54;6.059,19;105,54M;0,22%
29.07.2010;6.134,70;6.202,78;6.243,42;6.124,45;111,25M;-0,72%
28.07.2010;6.178,94;6.238,71;6.249,16;6.147,57;102,64M;-0,46%
27.07.2010;6.207,31;6.211,10;6.253,64;6.189,96;134,57M;0,21%
26.07.2010;6.194,21;6.201,02;6.201,14;6.131,91;73,22M;0,45%
23.07.2010;6.166,34;6.125,26;6.190,24;6.112,50;85,49M;0,39%
22.07.2010;6.142,15;5.971,09;6.148,13;5.961,86;100,97M;2,53%
21.07.2010;5.990,38;6.011,72;6.060,49;5.976,92;79,69M;0,38%
20.07.2010;5.967,49;6.039,16;6.052,51;5.906,04;92,84M;-0,69%
19.07.2010;6.009,11;6.034,87;6.083,12;5.993,55;80,33M;-0,52%
16.07.2010;6.040,27;6.165,51;6.205,44;6.018,64;143,89M;-1,77%
15.07.2010;6.149,36;6.187,78;6.248,07;6.127,36;114,23M;-0,97%
14.07.2010;6.209,76;6.215,23;6.226,54;6.161,13;97,86M;0,30%
13.07.2010;6.191,13;6.078,34;6.200,82;6.076,14;117,52M;1,87%
12.07.2010;6.077,19;6.079,95;6.119,70;6.061,84;68,50M;0,20%
09.07.2010;6.065,24;6.070,47;6.078,56;6.039,31;82,69M;0,49%
08.07.2010;6.035,66;6.025,86;6.057,52;6.006,68;108,89M;0,71%
07.07.2010;5.992,86;5.896,18;5.997,82;5.848,66;117,66M;0,87%
06.07.2010;5.940,98;5.847,47;5.995,64;5.842,07;104,93M;2,15%
05.07.2010;5.816,20;5.853,75;5.861,05;5.809,37;58,96M;-0,31%
02.07.2010;5.834,15;5.885,22;5.941,22;5.833,12;103,99M;-0,40%
01.07.2010;5.857,43;5.885,61;5.953,84;5.827,25;133,03M;-1,81%
30.06.2010;5.965,52;5.972,26;6.001,03;5.938,20;110,27M;0,23%
29.06.2010;5.952,03;6.061,68;6.068,82;5.935,35;122,00M;-3,33%
28.06.2010;6.157,22;6.097,37;6.168,99;6.059,83;81,58M;1,43%
25.06.2010;6.070,60;6.116,23;6.149,87;6.039,56;101,55M;-0,73%
24.06.2010;6.115,48;6.232,38;6.235,48;6.097,01;113,90M;-1,44%
23.06.2010;6.204,52;6.219,20;6.271,85;6.178,84;96,95M;-1,03%
22.06.2010;6.269,04;6.254,86;6.295,58;6.216,39;86,80M;-0,38%
21.06.2010;6.292,97;6.320,41;6.330,81;6.263,41;92,62M;1,22%
18.06.2010;6.216,98;6.223,88;6.256,55;6.189,71;260,01M;-0,11%
17.06.2010;6.223,54;6.181,77;6.241,36;6.164,99;112,72M;0,53%
16.06.2010;6.190,91;6.203,01;6.207,30;6.143,18;120,77M;0,26%
15.06.2010;6.175,05;6.089,32;6.194,25;6.089,32;118,28M;0,82%
14.06.2010;6.125,00;6.113,46;6.137,25;6.093,38;96,62M;1,28%
11.06.2010;6.047,83;6.082,90;6.084,70;5.983,27;132,37M;-0,14%
10.06.2010;6.056,59;5.959,11;6.089,43;5.925,06;131,09M;1,20%
09.06.2010;5.984,75;5.895,94;5.993,93;5.832,97;115,04M;1,98%
08.06.2010;5.868,55;5.916,86;5.922,95;5.798,76;163,23M;-0,62%
07.06.2010;5.904,95;5.876,48;5.954,47;5.851,93;117,57M;-0,57%
04.06.2010;5.938,88;6.081,47;6.114,58;5.912,90;131,21M;-1,91%
03.06.2010;6.054,63;6.075,68;6.101,83;6.046,38;102,49M;1,23%
02.06.2010;5.981,20;5.923,48;5.992,21;5.869,35;99,32M;0,00%
01.06.2010;5.981,27;5.943,94;6.012,04;5.833,61;127,46M;0,28%
31.05.2010;5.964,33;5.933,58;5.993,94;5.931,20;45,85M;0,31%
28.05.2010;5.946,18;5.962,84;5.980,78;5.927,31;104,02M;0,15%
27.05.2010;5.937,14;5.802,64;5.952,21;5.802,36;180,62M;3,11%
26.05.2010;5.758,02;5.735,46;5.828,37;5.721,02;172,25M;1,55%
25.05.2010;5.670,04;5.659,59;5.690,25;5.607,68;193,42M;-2,34%
24.05.2010;5.805,68;5.858,45;5.872,07;5.733,57;91,35M;-0,40%
21.05.2010;5.829,25;5.835,22;5.872,65;5.689,18;341,95M;-0,66%
20.05.2010;5.867,88;6.023,11;6.043,84;5.780,73;192,60M;-2,02%
19.05.2010;5.988,67;6.091,85;6.124,81;5.972,17;185,44M;-2,72%
18.05.2010;6.155,93;6.144,08;6.181,26;6.113,87;122,11M;1,47%
17.05.2010;6.066,92;6.029,91;6.151,54;6.026,32;144,99M;0,17%
14.05.2010;6.056,71;6.226,49;6.233,71;6.014,78;-;-3,12%
13.05.2010;6.251,97;6.240,67;6.276,80;6.196,89;-;1,11%
12.05.2010;6.183,49;6.026,06;6.217,24;6.006,31;-;2,41%
11.05.2010;6.037,71;5.922,03;6.042,11;5.918,14;-;0,33%
10.05.2010;6.017,91;5.814,41;6.017,91;5.805,98;-;5,30%
07.05.2010;5.715,09;5.790,67;5.905,35;5.655,18;-;-3,27%
06.05.2010;5.908,26;5.919,94;6.009,48;5.884,39;-;-0,84%
05.05.2010;5.958,45;6.021,06;6.031,09;5.929,35;-;-0,81%
04.05.2010;6.006,86;6.176,24;6.197,00;5.995,43;-;-2,60%
03.05.2010;6.166,92;6.122,76;6.190,07;6.089,93;-;0,51%
30.04.2010;6.135,70;6.155,57;6.205,72;6.085,62;-;-0,15%
29.04.2010;6.144,91;6.110,56;6.159,41;6.073,37;-;1,00%
28.04.2010;6.084,34;6.141,01;6.159,02;6.024,01;-;-1,22%
27.04.2010;6.159,51;6.332,40;6.333,00;6.159,51;-;-2,73%
26.04.2010;6.332,10;6.317,13;6.341,52;6.299,58;-;1,16%
23.04.2010;6.259,53;6.192,62;6.287,54;6.170,39;-;1,47%
22.04.2010;6.168,72;6.229,23;6.286,36;6.141,07;-;-0,99%
21.04.2010;6.230,38;6.280,54;6.281,38;6.229,18;-;-0,54%
20.04.2010;6.264,23;6.193,50;6.267,54;6.172,57;-;1,65%
19.04.2010;6.162,44;6.158,60;6.190,86;6.140,38;-;-0,30%
16.04.2010;6.180,90;6.264,65;6.305,40;6.162,84;-;-1,76%
15.04.2010;6.291,45;6.286,63;6.310,76;6.249,74;-;0,21%
14.04.2010;6.278,40;6.269,48;6.305,15;6.249,92;-;0,76%
13.04.2010;6.230,83;6.236,28;6.251,46;6.199,71;-;-0,32%
12.04.2010;6.250,69;6.283,81;6.285,03;6.223,78;-;0,02%
09.04.2010;6.249,70;6.226,26;6.254,49;6.216,60;-;1,26%
08.04.2010;6.171,83;6.199,94;6.207,14;6.138,02;-;-0,81%
07.04.2010;6.222,41;6.248,37;6.256,40;6.208,52;-;-0,48%
06.04.2010;6.252,21;6.250,01;6.265,32;6.214,18;-;0,27%
05.04.2010;6.235,56;6.235,56;6.235,56;6.235,56;-;0,00%
01.04.2010;6.235,56;6.189,38;6.238,57;6.186,59;-;1,33%
31.03.2010;6.153,55;6.139,40;6.162,18;6.108,23;-;0,18%
30.03.2010;6.142,45;6.187,64;6.203,50;6.135,51;-;-0,23%
29.03.2010;6.156,85;6.150,17;6.172,85;6.128,21;-;0,60%
26.03.2010;6.120,05;6.125,87;6.135,95;6.105,67;-;-0,21%
25.03.2010;6.132,95;6.043,84;6.139,50;6.038,05;-;1,56%
24.03.2010;6.039,00;6.038,00;6.044,64;5.964,76;-;0,36%
23.03.2010;6.017,27;5.987,09;6.030,94;5.981,35;-;0,50%
22.03.2010;5.987,50;5.960,85;5.987,50;5.910,85;-;0,08%
19.03.2010;5.982,43;6.031,73;6.041,95;5.956,65;-;-0,50%
18.03.2010;6.012,31;6.005,29;6.039,39;5.995,68;-;-0,20%
17.03.2010;6.024,28;5.999,31;6.035,95;5.991,21;-;0,89%
16.03.2010;5.970,99;5.935,19;5.991,11;5.930,34;-;1,14%
15.03.2010;5.903,56;5.933,63;5.953,19;5.898,22;-;-0,70%
12.03.2010;5.945,11;5.944,57;5.989,88;5.934,15;-;0,28%
11.03.2010;5.928,63;5.913,17;5.954,55;5.906,84;-;-0,14%
10.03.2010;5.936,72;5.882,76;5.951,93;5.874,75;-;0,86%
09.03.2010;5.885,89;5.872,57;5.900,16;5.838,17;-;0,17%
08.03.2010;5.875,91;5.891,74;5.894,19;5.865,44;-;-0,02%
05.03.2010;5.877,36;5.816,19;5.880,25;5.808,36;-;1,42%
04.03.2010;5.795,32;5.773,86;5.823,11;5.767,65;-;-0,39%
03.03.2010;5.817,88;5.759,22;5.828,80;5.750,30;-;0,72%
02.03.2010;5.776,56;5.728,28;5.780,14;5.709,74;-;1,10%
01.03.2010;5.713,51;5.652,85;5.717,72;5.641,18;-;2,06%
26.02.2010;5.598,46;5.588,99;5.605,10;5.530,19;-;1,20%
25.02.2010;5.532,33;5.562,70;5.655,75;5.518,27;-;-1,48%
24.02.2010;5.615,51;5.622,31;5.639,71;5.572,25;-;0,20%
23.02.2010;5.604,07;5.715,63;5.732,14;5.584,47;-;-1,48%
22.02.2010;5.688,44;5.741,00;5.743,89;5.683,61;-;-0,59%
19.02.2010;5.722,05;5.627,26;5.729,58;5.626,57;-;0,73%
18.02.2010;5.680,41;5.645,63;5.691,60;5.626,08;-;0,57%
17.02.2010;5.648,34;5.640,17;5.682,36;5.634,98;-;1,01%
16.02.2010;5.592,12;5.573,07;5.592,12;5.498,07;-;1,47%
15.02.2010;5.511,10;5.525,74;5.547,14;5.502,49;-;0,19%
12.02.2010;5.500,39;5.550,45;5.565,43;5.460,05;-;-0,06%
11.02.2010;5.503,93;5.562,83;5.580,77;5.454,07;-;-0,59%
10.02.2010;5.536,37;5.533,71;5.592,27;5.505,37;-;0,69%
09.02.2010;5.498,26;5.485,31;5.537,97;5.461,51;-;0,24%
08.02.2010;5.484,85;5.476,47;5.505,06;5.434,40;-;0,93%
05.02.2010;5.434,34;5.515,69;5.527,00;5.433,02;-;-1,79%
04.02.2010;5.533,24;5.671,17;5.696,94;5.522,57;-;-2,45%
03.02.2010;5.672,09;5.715,16;5.733,71;5.656,90;-;-0,66%
02.02.2010;5.709,66;5.664,25;5.723,20;5.624,61;-;0,98%
01.02.2010;5.654,48;5.587,50;5.674,21;5.567,72;-;0,81%
29.01.2010;5.608,79;5.566,03;5.657,87;5.556,19;-;1,24%
28.01.2010;5.540,33;5.687,10;5.718,81;5.540,33;-;-1,82%
27.01.2010;5.643,20;5.643,52;5.673,73;5.589,01;-;-0,45%
26.01.2010;5.668,93;5.593,94;5.675,96;5.574,46;-;0,67%
25.01.2010;5.631,37;5.662,85;5.693,86;5.624,58;-;-1,12%
22.01.2010;5.695,32;5.735,68;5.740,87;5.639,49;-;-0,90%
21.01.2010;5.746,97;5.878,24;5.908,85;5.742,45;-;-1,79%
20.01.2010;5.851,53;5.963,71;5.972,77;5.832,09;-;-2,09%
19.01.2010;5.976,48;5.905,33;5.988,80;5.849,67;-;0,98%
18.01.2010;5.918,55;5.897,63;5.922,93;5.877,65;-;0,72%
15.01.2010;5.875,97;5.996,56;6.025,36;5.866,84;-;-1,89%
14.01.2010;5.988,88;5.999,08;6.009,91;5.951,69;-;0,43%
13.01.2010;5.963,14;5.937,17;5.974,44;5.925,24;-;0,34%
12.01.2010;5.943,00;6.039,39;6.055,56;5.924,72;-;-1,61%
11.01.2010;6.040,50;6.057,93;6.094,26;6.031,14;-;0,05%
08.01.2010;6.037,61;6.028,62;6.053,04;5.972,24;-;0,30%
07.01.2010;6.019,36;6.016,80;6.037,57;5.961,25;-;-0,25%
06.01.2010;6.034,33;6.032,39;6.047,57;5.997,09;-;0,04%
05.01.2010;6.031,86;6.043,94;6.058,02;6.015,67;-;-0,27%
04.01.2010;6.048,30;5.975,52;6.048,30;5.974,43;-;1,53%
30.12.2009;5.957,43;6.002,29;6.008,75;5.949,45;-;-0,90%
29.12.2009;6.011,55;6.010,92;6.026,69;6.001,22;-;0,14%
28.12.2009;6.002,92;5.977,99;6.011,28;5.977,99;-;0,76%
23.12.2009;5.957,44;5.966,11;5.988,28;5.935,14;-;0,20%
22.12.2009;5.945,69;5.939,20;5.981,98;5.929,67;-;0,26%
21.12.2009;5.930,53;5.841,81;5.936,27;5.841,69;-;1,70%
18.12.2009;5.831,21;5.846,97;5.900,62;5.829,64;-;-0,23%
17.12.2009;5.844,44;5.884,16;5.891,37;5.833,90;-;-1,00%
16.12.2009;5.903,43;5.812,88;5.903,43;5.812,19;-;1,58%
15.12.2009;5.811,34;5.815,83;5.828,24;5.752,21;-;0,16%
14.12.2009;5.802,26;5.803,20;5.827,25;5.778,83;-;0,80%
11.12.2009;5.756,29;5.714,43;5.793,07;5.714,43;-;0,83%
10.12.2009;5.709,02;5.646,65;5.741,80;5.636,96;-;1,08%
09.12.2009;5.647,84;5.673,20;5.712,19;5.605,43;-;-0,72%
08.12.2009;5.688,58;5.764,30;5.809,80;5.659,40;-;-1,66%
07.12.2009;5.784,75;5.812,11;5.812,69;5.743,17;-;-0,57%
04.12.2009;5.817,65;5.752,86;5.859,34;5.724,27;-;0,82%
03.12.2009;5.770,35;5.805,14;5.852,87;5.754,98;-;-0,20%
02.12.2009;5.781,68;5.771,50;5.813,23;5.752,26;-;0,09%
01.12.2009;5.776,61;5.653,88;5.776,61;5.653,08;-;2,68%
30.11.2009;5.625,95;5.691,84;5.718,34;5.607,82;-;-1,05%
27.11.2009;5.685,61;5.580,52;5.718,53;5.519,48;-;1,27%
26.11.2009;5.614,17;5.785,09;5.785,12;5.596,98;-;-3,25%
25.11.2009;5.803,02;5.794,66;5.825,69;5.753,86;-;0,58%
24.11.2009;5.769,31;5.762,57;5.814,18;5.745,57;-;-0,55%
23.11.2009;5.801,48;5.689,38;5.823,18;5.689,38;-;2,44%
20.11.2009;5.663,15;5.724,93;5.744,53;5.638,33;-;-0,68%
19.11.2009;5.702,18;5.783,91;5.791,83;5.688,64;-;-1,48%
18.11.2009;5.787,61;5.793,39;5.843,27;5.770,66;-;0,16%
17.11.2009;5.778,43;5.788,46;5.802,32;5.760,53;-;-0,45%
16.11.2009;5.804,82;5.717,46;5.812,84;5.717,46;-;2,07%
13.11.2009;5.686,83;5.661,82;5.700,51;5.615,68;-;0,40%
12.11.2009;5.663,96;5.657,90;5.726,38;5.632,77;-;-0,08%
11.11.2009;5.668,35;5.633,09;5.705,89;5.633,09;-;0,98%
10.11.2009;5.613,20;5.627,16;5.650,88;5.602,55;-;-0,12%
09.11.2009;5.619,72;5.514,34;5.626,15;5.514,34;-;2,40%
06.11.2009;5.488,25;5.464,55;5.526,86;5.410,54;-;0,13%
05.11.2009;5.480,92;5.404,83;5.512,00;5.356,13;-;0,67%
04.11.2009;5.444,23;5.378,16;5.471,00;5.364,92;-;1,70%
03.11.2009;5.353,35;5.412,06;5.412,06;5.312,64;-;-1,43%
02.11.2009;5.430,82;5.410,61;5.472,03;5.376,63;-;0,29%
30.10.2009;5.414,96;5.593,15;5.597,30;5.394,80;-;-3,09%
29.10.2009;5.587,45;5.491,96;5.590,22;5.461,55;-;1,66%
28.10.2009;5.496,27;5.639,64;5.646,01;5.493,59;-;-2,46%
27.10.2009;5.635,02;5.652,87;5.673,19;5.597,63;-;-0,13%
26.10.2009;5.642,16;5.764,03;5.799,42;5.624,10;-;-1,71%
23.10.2009;5.740,25;5.787,98;5.848,68;5.731,69;-;-0,39%
22.10.2009;5.762,93;5.805,53;5.805,92;5.712,82;-;-1,21%
21.10.2009;5.833,49;5.827,09;5.858,19;5.736,85;-;0,37%
20.10.2009;5.811,77;5.856,13;5.888,21;5.801,44;-;-0,70%
19.10.2009;5.852,56;5.761,30;5.857,13;5.761,30;-;1,90%
16.10.2009;5.743,39;5.845,69;5.885,78;5.731,05;-;-1,50%
15.10.2009;5.830,77;5.853,45;5.869,22;5.805,90;-;-0,40%
14.10.2009;5.854,14;5.756,69;5.859,63;5.756,65;-;2,45%
13.10.2009;5.714,31;5.777,89;5.786,92;5.695,16;-;-1,19%
12.10.2009;5.783,23;5.727,31;5.814,21;5.727,31;-;1,25%
09.10.2009;5.711,88;5.701,49;5.748,33;5.673,69;-;-0,08%
08.10.2009;5.716,54;5.679,51;5.727,87;5.666,79;-;1,34%
07.10.2009;5.640,75;5.650,25;5.690,92;5.626,38;-;-0,30%
06.10.2009;5.657,64;5.518,69;5.662,01;5.518,69;-;2,70%
05.10.2009;5.508,85;5.477,81;5.511,64;5.440,23;-;0,75%
02.10.2009;5.467,90;5.532,65;5.536,63;5.442,32;-;-1,56%
01.10.2009;5.554,55;5.681,88;5.726,97;5.554,25;-;-2,13%
30.09.2009;5.675,16;5.728,48;5.744,59;5.619,48;-;-0,67%
29.09.2009;5.713,52;5.736,79;5.756,26;5.690,19;-;-0,40%
28.09.2009;5.736,31;5.595,36;5.736,31;5.554,53;-;2,78%
25.09.2009;5.581,41;5.615,79;5.620,13;5.559,47;-;-0,42%
24.09.2009;5.605,21;5.684,49;5.741,54;5.586,23;-;-1,70%
23.09.2009;5.702,05;5.705,88;5.754,04;5.672,08;-;-0,13%
22.09.2009;5.709,38;5.686,84;5.752,70;5.686,84;-;0,72%
21.09.2009;5.668,65;5.698,53;5.698,53;5.617,80;-;-0,62%
18.09.2009;5.703,83;5.711,34;5.760,83;5.701,04;-;-0,48%
17.09.2009;5.731,14;5.722,37;5.748,24;5.703,22;-;0,54%
16.09.2009;5.700,26;5.640,99;5.713,49;5.640,94;-;1,27%
15.09.2009;5.628,98;5.637,21;5.649,66;5.584,53;-;0,16%
14.09.2009;5.620,24;5.599,58;5.623,74;5.532,30;-;-0,07%
11.09.2009;5.624,02;5.601,65;5.653,15;5.601,65;-;0,52%
10.09.2009;5.594,77;5.596,45;5.626,97;5.547,37;-;0,37%
09.09.2009;5.574,26;5.463,93;5.578,15;5.450,40;-;1,69%
08.09.2009;5.481,73;5.474,69;5.502,77;5.455,38;-;0,33%
07.09.2009;5.463,51;5.400,76;5.477,13;5.400,76;-;1,47%
04.09.2009;5.384,43;5.328,59;5.404,30;5.320,28;-;1,57%
03.09.2009;5.301,42;5.332,50;5.364,03;5.278,50;-;-0,35%
02.09.2009;5.319,84;5.325,94;5.337,84;5.263,11;-;-0,14%
01.09.2009;5.327,29;5.479,35;5.507,48;5.327,29;-;-2,40%
31.08.2009;5.458,04;5.474,62;5.495,56;5.437,92;-;-1,07%
28.08.2009;5.517,35;5.512,17;5.573,89;5.502,46;-;0,86%
27.08.2009;5.470,33;5.512,90;5.540,43;5.432,06;-;-0,94%
26.08.2009;5.521,97;5.548,77;5.572,47;5.500,10;-;-0,63%
25.08.2009;5.557,09;5.482,99;5.575,53;5.472,63;-;0,68%
24.08.2009;5.519,75;5.482,60;5.531,76;5.481,36;-;1,04%
21.08.2009;5.462,74;5.296,01;5.478,18;5.286,23;-;2,86%
20.08.2009;5.311,06;5.261,66;5.325,86;5.261,66;-;1,51%
19.08.2009;5.231,98;5.210,47;5.253,71;5.158,60;-;-0,36%
18.08.2009;5.250,74;5.218,09;5.250,74;5.200,47;-;0,94%
17.08.2009;5.201,61;5.296,33;5.296,33;5.173,84;-;-2,02%
14.08.2009;5.309,11;5.402,99;5.444,13;5.289,78;-;-1,70%
13.08.2009;5.401,11;5.357,77;5.455,27;5.357,77;-;0,95%
12.08.2009;5.350,09;5.283,41;5.367,63;5.252,15;-;1,22%
11.08.2009;5.285,81;5.423,16;5.455,18;5.272,36;-;-2,44%
10.08.2009;5.418,12;5.451,79;5.452,20;5.390,70;-;-0,75%
07.08.2009;5.458,96;5.366,38;5.480,93;5.312,78;-;1,66%
06.08.2009;5.369,98;5.389,58;5.422,02;5.340,36;-;0,32%
05.08.2009;5.353,01;5.406,38;5.451,77;5.333,52;-;-1,18%
04.08.2009;5.417,02;5.418,83;5.427,57;5.360,44;-;-0,18%
03.08.2009;5.426,85;5.330,87;5.463,32;5.309,35;-;1,78%
31.07.2009;5.332,14;5.349,14;5.383,02;5.303,69;-;-0,53%
30.07.2009;5.360,66;5.293,55;5.396,95;5.251,50;-;1,71%
29.07.2009;5.270,32;5.168,89;5.307,82;5.159,25;-;1,85%
28.07.2009;5.174,74;5.261,90;5.304,05;5.174,09;-;-1,46%
27.07.2009;5.251,55;5.269,15;5.309,62;5.216,49;-;0,42%
24.07.2009;5.229,36;5.233,85;5.301,91;5.202,02;-;-0,34%
23.07.2009;5.247,28;5.129,22;5.258,84;5.101,26;-;2,45%
22.07.2009;5.121,56;5.098,84;5.137,51;5.050,40;-;0,54%
21.07.2009;5.093,97;5.041,19;5.141,36;5.027,30;-;1,27%
20.07.2009;5.030,15;5.014,50;5.063,60;5.007,95;-;1,04%
17.07.2009;4.978,40;4.980,01;5.017,60;4.960,65;-;0,43%
16.07.2009;4.957,19;4.920,77;4.998,68;4.904,24;-;0,58%
15.07.2009;4.928,44;4.799,25;4.928,45;4.798,69;-;3,07%
14.07.2009;4.781,69;4.734,20;4.802,98;4.705,91;-;1,26%
13.07.2009;4.722,34;4.564,94;4.722,34;4.524,01;-;3,19%
10.07.2009;4.576,31;4.613,12;4.644,55;4.570,05;-;-1,16%
09.07.2009;4.630,07;4.600,17;4.669,92;4.596,32;-;1,26%
08.07.2009;4.572,65;4.594,87;4.630,62;4.558,00;-;-0,56%
07.07.2009;4.598,19;4.663,37;4.703,30;4.590,69;-;-1,15%
06.07.2009;4.651,82;4.669,66;4.686,90;4.611,21;-;-1,20%
03.07.2009;4.708,21;4.738,00;4.748,32;4.685,27;-;-0,22%
02.07.2009;4.718,49;4.891,00;4.891,00;4.718,49;-;-3,81%
01.07.2009;4.905,44;4.820,61;4.930,35;4.818,91;-;2,01%
30.06.2009;4.808,64;4.897,46;4.905,64;4.790,17;-;-1,56%
29.06.2009;4.885,09;4.768,11;4.901,36;4.762,61;-;2,27%
26.06.2009;4.776,47;4.818,19;4.866,80;4.753,93;-;-0,50%
25.06.2009;4.800,56;4.838,04;4.838,04;4.720,24;-;-0,73%
24.06.2009;4.836,01;4.728,78;4.840,35;4.698,19;-;2,74%
23.06.2009;4.707,15;4.680,34;4.752,86;4.669,80;-;0,29%
22.06.2009;4.693,40;4.837,28;4.846,09;4.693,34;-;-3,02%
19.06.2009;4.839,46;4.844,82;4.878,82;4.816,12;-;0,04%
18.06.2009;4.837,48;4.810,35;4.858,67;4.768,94;-;0,78%
17.06.2009;4.799,98;4.883,06;4.886,65;4.761,20;-;-1,86%
16.06.2009;4.890,72;4.899,81;4.933,79;4.870,20;-;0,02%
15.06.2009;4.889,94;5.051,35;5.051,35;4.886,40;-;-3,54%
12.06.2009;5.069,24;5.098,01;5.108,77;5.044,33;-;-0,74%
11.06.2009;5.107,26;5.039,97;5.120,87;5.038,03;-;1,11%
10.06.2009;5.051,18;5.047,53;5.133,40;5.034,81;-;1,07%
09.06.2009;4.997,86;5.018,41;5.064,36;4.982,12;-;-0,14%
08.06.2009;5.004,72;5.060,72;5.060,72;4.969,96;-;-1,42%
05.06.2009;5.077,03;5.092,62;5.165,27;5.047,83;-;0,24%
04.06.2009;5.064,80;5.059,80;5.121,00;5.044,17;-;0,20%
03.06.2009;5.054,53;5.150,02;5.158,33;5.036,54;-;-1,74%
02.06.2009;5.144,06;5.116,38;5.177,59;5.096,00;-;0,03%
01.06.2009;5.142,56;4.992,10;5.156,62;4.991,21;-;4,08%
29.05.2009;4.940,82;4.964,91;5.009,60;4.927,67;-;0,16%
28.05.2009;4.932,88;4.958,65;4.986,96;4.884,92;-;-1,36%
27.05.2009;5.000,77;5.002,34;5.035,51;4.962,76;-;0,30%
26.05.2009;4.985,60;4.891,29;4.994,05;4.802,80;-;1,37%
25.05.2009;4.918,45;4.936,04;4.942,14;4.829,90;-;-0,01%
22.05.2009;4.918,75;4.904,67;4.964,68;4.868,56;-;0,37%
21.05.2009;4.900,67;4.997,49;4.997,49;4.874,97;-;-2,74%
20.05.2009;5.038,94;4.954,35;5.060,76;4.949,85;-;1,60%
19.05.2009;4.959,62;4.874,84;5.005,45;4.874,84;-;2,22%
18.05.2009;4.851,96;4.702,81;4.858,65;4.655,53;-;2,42%
15.05.2009;4.737,50;4.757,32;4.776,64;4.685,18;-;-0,02%
14.05.2009;4.738,47;4.727,68;4.744,62;4.653,25;-;0,23%
13.05.2009;4.727,61;4.864,67;4.881,25;4.714,18;-;-2,61%
12.05.2009;4.854,11;4.836,99;4.926,69;4.821,53;-;-0,26%
11.05.2009;4.866,91;4.907,29;4.917,73;4.832,37;-;-0,96%
08.05.2009;4.913,90;4.851,52;4.965,88;4.846,85;-;2,29%
07.05.2009;4.804,10;4.898,54;4.980,30;4.792,17;-;-1,57%
06.05.2009;4.880,71;4.848,94;4.945,54;4.827,88;-;0,57%
05.05.2009;4.853,03;4.897,40;4.928,03;4.843,60;-;-1,01%
04.05.2009;4.902,45;4.790,03;4.908,88;4.781,97;-;2,79%
01.05.2009;4.769,45;4.769,45;4.769,45;4.769,45;-;0,00%
30.04.2009;4.769,45;4.732,90;4.837,22;4.710,09;-;1,38%
29.04.2009;4.704,56;4.617,01;4.722,11;4.611,54;-;2,11%
28.04.2009;4.607,42;4.659,81;4.661,20;4.547,90;-;-1,85%
27.04.2009;4.694,07;4.625,41;4.712,97;4.571,54;-;0,42%
24.04.2009;4.674,32;4.545,25;4.674,73;4.542,89;-;3,00%
23.04.2009;4.538,21;4.565,44;4.609,17;4.524,48;-;-1,22%
22.04.2009;4.594,42;4.508,78;4.594,88;4.456,50;-;2,06%
21.04.2009;4.501,63;4.488,63;4.542,92;4.390,70;-;0,34%
20.04.2009;4.486,30;4.655,84;4.667,65;4.470,84;-;-4,07%
17.04.2009;4.676,84;4.622,28;4.686,29;4.590,72;-;1,46%
16.04.2009;4.609,46;4.570,34;4.644,84;4.531,94;-;1,31%
15.04.2009;4.549,79;4.527,66;4.559,28;4.488,26;-;-0,16%
14.04.2009;4.557,01;4.489,02;4.583,91;4.461,48;-;1,47%
13.04.2009;4.491,12;4.491,12;4.491,12;4.491,12;-;0,00%
09.04.2009;4.491,12;4.397,06;4.510,74;4.377,98;-;3,06%
08.04.2009;4.357,92;4.286,47;4.377,35;4.228,89;-;0,82%
07.04.2009;4.322,50;4.359,21;4.379,33;4.276,29;-;-0,63%
06.04.2009;4.349,81;4.421,71;4.457,19;4.306,48;-;-0,80%
03.04.2009;4.384,99;4.353,46;4.456,30;4.335,09;-;0,07%
02.04.2009;4.381,92;4.173,62;4.404,62;4.173,09;-;6,07%
01.04.2009;4.131,07;4.074,79;4.148,66;3.997,46;-;1,13%
31.03.2009;4.084,76;4.007,66;4.091,66;4.007,22;-;2,39%
30.03.2009;3.989,23;4.175,41;4.175,45;3.987,39;-;-5,10%
27.03.2009;4.203,55;4.251,86;4.272,12;4.155,54;-;-1,31%
26.03.2009;4.259,37;4.226,97;4.262,96;4.210,98;-;0,85%
25.03.2009;4.223,29;4.175,33;4.262,23;4.139,59;-;0,86%
24.03.2009;4.187,36;4.201,49;4.239,74;4.150,97;-;0,26%
23.03.2009;4.176,37;4.109,28;4.184,77;4.102,34;-;2,65%
20.03.2009;4.068,74;4.006,47;4.081,73;3.995,09;-;0,63%
19.03.2009;4.043,46;4.013,69;4.137,80;4.002,33;-;1,18%
18.03.2009;3.996,32;4.024,18;4.066,69;3.948,59;-;0,21%
17.03.2009;3.987,77;4.040,83;4.046,42;3.947,28;-;-1,40%
16.03.2009;4.044,54;3.990,83;4.063,02;3.983,40;-;2,30%
13.03.2009;3.953,60;3.988,05;4.053,84;3.936,81;-;-0,07%
12.03.2009;3.956,22;3.890,23;3.971,25;3.802,20;-;1,08%
11.03.2009;3.914,10;3.866,74;3.994,77;3.829,13;-;0,70%
10.03.2009;3.886,98;3.716,29;3.908,14;3.681,33;-;5,28%
09.03.2009;3.692,03;3.677,07;3.706,32;3.588,89;-;0,70%
06.03.2009;3.666,41;3.699,33;3.769,13;3.638,00;-;-0,79%
05.03.2009;3.695,49;3.864,18;3.864,18;3.695,49;-;-5,02%
04.03.2009;3.890,94;3.724,74;3.891,71;3.721,91;-;5,42%
03.03.2009;3.690,72;3.724,53;3.755,88;3.667,86;-;-0,52%
02.03.2009;3.710,07;3.817,51;3.821,97;3.692,78;-;-3,48%
27.02.2009;3.843,74;3.907,85;3.907,85;3.764,69;-;-2,51%
26.02.2009;3.942,62;3.882,88;3.989,63;3.849,76;-;2,51%
25.02.2009;3.846,21;3.937,93;3.977,77;3.790,79;-;-1,27%
24.02.2009;3.895,75;3.922,02;3.932,59;3.816,88;-;-1,03%
23.02.2009;3.936,45;4.057,25;4.111,52;3.912,71;-;-1,95%
20.02.2009;4.014,66;4.164,51;4.167,05;4.014,66;-;-4,76%
19.02.2009;4.215,21;4.212,71;4.275,09;4.189,16;-;0,24%
18.02.2009;4.204,96;4.229,53;4.255,39;4.124,11;-;-0,28%
17.02.2009;4.216,60;4.329,35;4.329,70;4.195,22;-;-3,44%
16.02.2009;4.366,64;4.386,46;4.421,78;4.359,29;86,11M;-1,06%
13.02.2009;4.413,39;4.458,74;4.508,72;4.397,60;-;0,13%
12.02.2009;4.407,56;4.518,68;4.518,68;4.371,47;-;-2,70%
11.02.2009;4.530,09;4.491,72;4.539,22;4.466,06;-;0,54%
10.02.2009;4.505,54;4.636,64;4.649,23;4.505,54;-;-3,46%
09.02.2009;4.666,82;4.627,83;4.688,59;4.596,74;-;0,48%
06.02.2009;4.644,63;4.524,80;4.657,06;4.506,45;-;2,97%
05.02.2009;4.510,49;4.443,95;4.519,44;4.387,78;-;0,39%
04.02.2009;4.492,79;4.388,26;4.545,52;4.372,01;-;2,69%
03.02.2009;4.374,96;4.302,52;4.385,44;4.224,53;-;2,43%
02.02.2009;4.271,04;4.309,17;4.309,19;4.198,15;-;-1,55%
30.01.2009;4.338,35;4.420,33;4.454,39;4.312,17;-;-2,03%
29.01.2009;4.428,11;4.495,74;4.501,44;4.393,98;-;-2,01%
28.01.2009;4.518,72;4.347,78;4.533,70;4.347,78;-;4,52%
27.01.2009;4.323,42;4.322,99;4.360,79;4.264,97;-;-0,08%
26.01.2009;4.326,87;4.165,71;4.371,52;4.145,12;-;3,54%
23.01.2009;4.178,94;4.204,00;4.222,01;4.067,43;-;-0,96%
22.01.2009;4.219,42;4.313,36;4.368,47;4.197,02;-;-0,98%
21.01.2009;4.261,15;4.208,19;4.313,69;4.140,26;-;0,50%
20.01.2009;4.239,85;4.297,42;4.382,11;4.222,76;-;-1,77%
19.01.2009;4.316,14;4.409,88;4.452,57;4.249,91;-;-1,15%
16.01.2009;4.366,28;4.395,79;4.474,86;4.357,82;-;0,68%
15.01.2009;4.336,73;4.434,22;4.451,32;4.295,76;-;-1,94%
14.01.2009;4.422,35;4.661,84;4.670,84;4.379,88;-;-4,63%
13.01.2009;4.636,94;4.704,51;4.704,51;4.596,49;-;-1,75%
12.01.2009;4.719,62;4.765,38;4.791,96;4.708,50;-;-1,34%
09.01.2009;4.783,89;4.891,58;4.932,66;4.743,97;-;-1,97%
08.01.2009;4.879,91;4.897,16;4.917,62;4.820,08;-;-1,17%
07.01.2009;4.937,47;5.008,62;5.010,97;4.914,22;-;-1,77%
06.01.2009;5.026,31;4.992,67;5.111,02;4.960,21;-;0,85%
05.01.2009;4.983,99;5.010,18;5.034,85;4.949,36;-;0,22%
02.01.2009;4.973,07;4.856,85;4.974,73;4.838,49;-;3,39%
30.12.2008;4.810,20;4.754,22;4.810,41;4.754,22;-;2,24%
29.12.2008;4.704,86;4.660,17;4.732,85;4.655,91;-;1,63%
26.12.2008;4.629,38;4.629,38;4.629,38;4.629,38;-;0,00%
24.12.2008;4.629,38;4.629,38;4.629,38;4.629,38;-;0,00%
23.12.2008;4.629,38;4.633,47;4.718,60;4.622,97;-;-0,21%
22.12.2008;4.639,02;4.693,66;4.701,11;4.575,52;-;-1,23%
19.12.2008;4.696,70;4.720,88;4.785,32;4.647,13;-;-1,26%
18.12.2008;4.756,40;4.730,10;4.784,72;4.715,82;-;1,02%
17.12.2008;4.708,38;4.768,71;4.784,41;4.639,17;-;-0,46%
16.12.2008;4.729,91;4.663,36;4.758,27;4.655,87;-;1,61%
15.12.2008;4.654,82;4.718,39;4.773,32;4.627,46;-;-0,18%
12.12.2008;4.663,37;4.660,05;4.699,06;4.521,52;-;-2,18%
11.12.2008;4.767,20;4.791,56;4.822,21;4.710,04;-;-0,78%
10.12.2008;4.804,88;4.810,48;4.839,14;4.742,90;-;0,54%
09.12.2008;4.779,11;4.673,52;4.850,39;4.622,24;-;1,34%
08.12.2008;4.715,88;4.548,87;4.775,71;4.548,87;-;7,63%
05.12.2008;4.381,47;4.529,20;4.530,70;4.321,64;-;-4,00%
04.12.2008;4.564,23;4.559,98;4.732,93;4.491,86;-;-0,07%
03.12.2008;4.567,24;4.508,88;4.602,88;4.377,63;-;0,78%
02.12.2008;4.531,79;4.349,13;4.572,18;4.304,03;-;3,12%
01.12.2008;4.394,79;4.653,12;4.667,91;4.367,92;-;-5,88%
28.11.2008;4.669,44;4.666,41;4.703,67;4.566,84;-;0,09%
27.11.2008;4.665,27;4.596,40;4.682,91;4.589,16;-;2,30%
26.11.2008;4.560,50;4.528,55;4.612,22;4.423,67;-;0,00%
25.11.2008;4.560,42;4.521,85;4.693,10;4.455,30;-;0,13%
24.11.2008;4.554,33;4.167,71;4.579,07;4.154,55;-;10,34%
21.11.2008;4.127,41;4.228,31;4.296,86;4.034,96;-;-2,20%
20.11.2008;4.220,20;4.274,98;4.313,16;4.113,49;-;-3,08%
19.11.2008;4.354,09;4.586,33;4.586,69;4.337,92;-;-4,92%
18.11.2008;4.579,47;4.556,48;4.607,54;4.445,88;-;0,49%
17.11.2008;4.557,27;4.700,50;4.733,79;4.512,21;-;-3,25%
14.11.2008;4.710,24;4.723,29;4.874,16;4.695,79;-;1,31%
13.11.2008;4.649,52;4.599,64;4.713,78;4.524,89;-;0,62%
12.11.2008;4.620,80;4.801,90;4.875,66;4.555,44;-;-2,96%
11.11.2008;4.761,58;4.984,32;4.984,32;4.742,48;-;-5,25%
10.11.2008;5.025,53;5.024,43;5.135,15;4.998,04;-;1,76%
07.11.2008;4.938,46;4.827,56;5.018,41;4.751,24;-;2,59%
06.11.2008;4.813,57;5.101,98;5.101,98;4.781,51;-;-6,84%
05.11.2008;5.166,87;5.268,80;5.271,91;5.142,85;-;-2,11%
04.11.2008;5.278,04;5.018,83;5.302,57;4.993,10;-;5,00%
03.11.2008;5.026,84;5.053,94;5.089,54;4.967,94;-;0,78%
31.10.2008;4.987,97;4.856,02;5.066,81;4.785,11;-;2,44%
30.10.2008;4.869,30;4.894,14;5.042,49;4.827,27;-;1,26%
29.10.2008;4.808,69;4.460,26;4.885,85;4.460,26;-;-0,31%
28.10.2008;4.823,45;4.314,91;4.823,45;4.314,91;-;11,28%
27.10.2008;4.334,64;4.143,45;4.486,13;4.062,77;-;0,91%
24.10.2008;4.295,67;4.362,79;4.362,93;4.014,60;-;-4,96%
23.10.2008;4.519,70;4.559,71;4.576,87;4.364,20;-;-1,12%
22.10.2008;4.571,07;4.739,74;4.740,31;4.535,64;-;-4,46%
21.10.2008;4.784,41;4.882,80;4.909,64;4.736,22;-;-1,05%
20.10.2008;4.835,01;4.891,76;4.941,19;4.754,27;-;1,12%
17.10.2008;4.781,33;4.757,98;4.835,90;4.576,58;-;3,43%
16.10.2008;4.622,81;4.675,90;4.890,78;4.521,91;-;-4,91%
15.10.2008;4.861,63;5.187,39;5.192,13;4.790,68;-;-6,49%
14.10.2008;5.199,19;5.135,14;5.383,79;5.095,12;-;2,70%
13.10.2008;5.062,45;4.642,02;5.062,45;4.641,38;-;11,40%
10.10.2008;4.544,31;4.594,53;4.653,98;4.308,00;-;-7,01%
09.10.2008;4.887,00;5.054,90;5.153,53;4.803,62;-;-2,53%
08.10.2008;5.013,62;5.237,11;5.319,15;4.870,20;-;-5,88%
07.10.2008;5.326,63;5.450,38;5.502,33;5.300,30;-;-1,12%
06.10.2008;5.387,01;5.606,07;5.606,07;5.292,84;-;-7,07%
03.10.2008;5.797,03;5.682,33;5.831,97;5.617,81;-;2,41%
02.10.2008;5.660,63;5.794,10;5.876,93;5.630,46;-;-2,51%
01.10.2008;5.806,33;5.865,08;5.866,40;5.746,82;-;-0,42%
30.09.2008;5.831,02;5.728,30;5.836,77;5.658,20;-;0,41%
29.09.2008;5.807,08;6.010,10;6.015,59;5.802,51;-;-4,23%
26.09.2008;6.063,50;6.118,13;6.118,13;6.001,01;-;-1,77%
25.09.2008;6.173,03;6.057,61;6.188,43;6.049,85;-;1,99%
24.09.2008;6.052,87;6.071,32;6.109,10;6.013,71;-;-0,26%
23.09.2008;6.068,53;6.091,85;6.123,48;6.033,75;-;-0,64%
22.09.2008;6.107,75;6.188,58;6.235,13;6.106,11;-;-0,58%
19.09.2008;6.143,42;5.986,94;6.213,67;5.982,30;-;4,78%
18.09.2008;5.863,42;5.875,05;5.967,29;5.812,77;-;0,04%
17.09.2008;5.860,98;5.977,68;6.035,51;5.825,24;-;-1,75%
16.09.2008;5.965,17;6.017,47;6.024,05;5.858,57;-;-1,63%
15.09.2008;6.064,16;6.138,42;6.138,42;5.942,14;-;-2,74%
12.09.2008;6.234,89;6.206,97;6.256,25;6.159,51;-;0,91%
11.09.2008;6.178,90;6.192,61;6.202,17;6.086,30;-;-0,51%
10.09.2008;6.210,32;6.225,30;6.254,40;6.160,55;-;-0,37%
09.09.2008;6.233,41;6.258,26;6.327,18;6.199,11;-;-0,48%
08.09.2008;6.263,74;6.262,34;6.356,80;6.241,26;-;2,22%
05.09.2008;6.127,44;6.247,64;6.253,40;6.095,56;-;-2,42%
04.09.2008;6.279,57;6.477,20;6.482,16;6.263,08;-;-2,91%
03.09.2008;6.467,49;6.488,12;6.519,21;6.439,91;-;-0,78%
02.09.2008;6.518,47;6.416,85;6.553,90;6.379,03;-;1,51%
01.09.2008;6.421,80;6.400,85;6.448,98;6.341,10;-;-0,01%
29.08.2008;6.422,30;6.427,86;6.457,93;6.401,22;-;0,03%
28.08.2008;6.420,54;6.313,91;6.456,18;6.265,43;-;1,57%
27.08.2008;6.321,03;6.336,35;6.346,53;6.252,13;-;-0,31%
26.08.2008;6.340,52;6.287,81;6.370,53;6.238,07;-;0,69%
25.08.2008;6.296,95;6.332,94;6.361,55;6.289,11;-;-0,72%
22.08.2008;6.342,42;6.243,53;6.355,96;6.229,19;-;1,69%
21.08.2008;6.236,96;6.290,32;6.293,48;6.219,10;-;-1,28%
20.08.2008;6.317,80;6.297,83;6.336,79;6.262,49;-;0,56%
19.08.2008;6.282,43;6.398,83;6.401,21;6.268,73;-;-2,34%
18.08.2008;6.432,88;6.436,14;6.485,91;6.374,95;-;-0,20%
15.08.2008;6.446,02;6.460,22;6.513,92;6.394,39;-;0,06%
14.08.2008;6.442,21;6.450,73;6.481,28;6.369,58;-;0,31%
13.08.2008;6.422,19;6.562,97;6.566,62;6.417,33;-;-2,49%
12.08.2008;6.585,87;6.601,70;6.626,70;6.545,24;-;-0,36%
11.08.2008;6.609,63;6.570,52;6.612,86;6.555,28;-;0,73%
08.08.2008;6.561,65;6.537,54;6.586,10;6.442,85;-;0,28%
07.08.2008;6.543,49;6.542,96;6.620,77;6.520,79;-;-0,27%
06.08.2008;6.561,39;6.531,55;6.568,79;6.496,17;-;0,65%
05.08.2008;6.518,70;6.356,40;6.532,09;6.342,93;-;2,66%
04.08.2008;6.349,81;6.403,30;6.403,53;6.322,01;-;-0,73%
01.08.2008;6.396,46;6.461,01;6.489,69;6.378,55;-;-1,28%
31.07.2008;6.479,56;6.467,86;6.540,45;6.428,49;-;0,30%
30.07.2008;6.460,12;6.406,03;6.505,05;6.396,14;-;0,96%
29.07.2008;6.398,80;6.302,88;6.425,45;6.264,74;-;0,75%
28.07.2008;6.351,15;6.428,36;6.428,36;6.342,32;-;-1,33%
25.07.2008;6.436,71;6.411,71;6.479,96;6.331,27;-;-0,06%
24.07.2008;6.440,70;6.546,17;6.577,10;6.415,31;-;-1,46%
23.07.2008;6.536,09;6.486,05;6.562,26;6.485,05;-;1,45%
22.07.2008;6.442,79;6.395,06;6.449,88;6.322,03;-;0,28%
21.07.2008;6.424,84;6.381,44;6.484,29;6.342,82;-;0,66%
18.07.2008;6.382,65;6.261,48;6.396,30;6.236,94;-;1,78%
17.07.2008;6.271,27;6.177,07;6.318,34;6.177,07;-;1,88%
16.07.2008;6.155,37;6.100,62;6.177,03;5.999,32;-;1,21%
15.07.2008;6.081,70;6.154,89;6.164,73;6.006,58;-;-1,91%
14.07.2008;6.200,25;6.184,65;6.254,15;6.184,54;-;0,76%
11.07.2008;6.153,30;6.310,17;6.332,11;6.139,74;-;-2,41%
10.07.2008;6.305,00;6.338,63;6.384,64;6.254,31;-;-1,28%
09.07.2008;6.386,46;6.330,69;6.397,82;6.330,69;-;1,30%
08.07.2008;6.304,41;6.314,17;6.332,01;6.226,74;-;-1,43%
07.07.2008;6.395,75;6.312,32;6.416,24;6.286,67;-;1,97%
04.07.2008;6.272,21;6.360,70;6.374,84;6.255,16;-;-1,28%
03.07.2008;6.353,74;6.262,98;6.392,08;6.200,56;-;0,77%
02.07.2008;6.305,42;6.319,60;6.395,97;6.295,45;-;-0,17%
01.07.2008;6.315,94;6.394,08;6.405,43;6.260,33;-;-1,60%
30.06.2008;6.418,32;6.423,37;6.446,54;6.308,24;-;-0,06%
27.06.2008;6.421,91;6.449,04;6.464,90;6.348,03;-;-0,58%
26.06.2008;6.459,60;6.571,55;6.578,45;6.448,12;-;-2,39%
25.06.2008;6.617,84;6.551,66;6.628,62;6.547,71;-;1,25%
24.06.2008;6.536,06;6.588,06;6.617,16;6.444,30;-;-0,81%
23.06.2008;6.589,46;6.586,83;6.628,72;6.572,51;-;0,17%
20.06.2008;6.578,44;6.730,52;6.765,80;6.547,40;-;-2,12%
19.06.2008;6.721,17;6.704,22;6.765,10;6.662,46;-;-0,12%
18.06.2008;6.728,91;6.795,18;6.796,77;6.705,75;-;-0,99%
17.06.2008;6.796,16;6.743,50;6.855,84;6.743,48;-;0,98%
16.06.2008;6.729,88;6.773,43;6.812,66;6.671,80;-;-0,52%
13.06.2008;6.765,32;6.701,50;6.777,87;6.649,62;-;0,76%
12.06.2008;6.714,52;6.647,60;6.733,12;6.647,60;-;0,97%
11.06.2008;6.650,26;6.781,88;6.812,88;6.637,75;-;-1,78%
10.06.2008;6.771,10;6.789,28;6.798,58;6.715,98;-;-0,65%
09.06.2008;6.815,63;6.790,18;6.839,32;6.762,73;-;0,17%
06.06.2008;6.803,81;6.966,09;7.002,85;6.796,28;-;-1,99%
05.06.2008;6.941,83;6.964,71;7.008,93;6.905,01;-;-0,34%
04.06.2008;6.965,43;6.993,69;6.994,20;6.898,01;-;-0,77%
03.06.2008;7.019,13;6.986,92;7.023,18;6.962,38;-;0,15%
02.06.2008;7.008,77;7.098,70;7.102,05;6.995,41;-;-1,24%
30.05.2008;7.096,79;7.065,79;7.124,61;7.063,80;-;0,59%
29.05.2008;7.055,03;7.055,72;7.085,13;7.004,70;-;0,30%
28.05.2008;7.033,84;6.980,69;7.082,26;6.955,14;-;1,08%
27.05.2008;6.958,66;6.966,05;7.006,28;6.905,86;-;0,07%
26.05.2008;6.953,84;6.923,94;6.965,19;6.917,61;-;0,14%
23.05.2008;6.944,05;7.057,52;7.065,90;6.934,54;-;-1,79%
22.05.2008;7.070,33;7.016,21;7.090,23;6.980,54;-;0,42%
21.05.2008;7.040,83;7.129,07;7.151,38;7.013,13;-;-1,09%
20.05.2008;7.118,50;7.188,07;7.188,98;7.108,25;-;-1,49%
19.05.2008;7.225,94;7.177,02;7.231,86;7.165,44;-;0,97%
16.05.2008;7.156,55;7.103,84;7.205,96;7.103,84;-;1,07%
15.05.2008;7.081,05;7.072,12;7.088,67;7.037,09;-;-0,03%
14.05.2008;7.083,24;7.081,72;7.101,49;7.001,33;-;0,33%
13.05.2008;7.060,19;7.062,60;7.080,86;7.002,37;-;0,34%
12.05.2008;7.035,95;7.021,29;7.064,60;7.006,42;-;0,47%
09.05.2008;7.003,17;7.040,79;7.040,79;6.961,63;-;-0,97%
08.05.2008;7.071,90;7.037,63;7.073,45;7.013,06;-;-0,06%
07.05.2008;7.076,25;7.040,84;7.107,53;7.037,01;-;0,84%
06.05.2008;7.017,10;7.043,65;7.062,37;6.969,16;-;-0,50%
05.05.2008;7.052,08;7.036,99;7.059,92;7.021,73;-;0,13%
02.05.2008;7.043,23;6.982,06;7.092,82;6.971,93;-;1,36%
